task,model,variant,label,precision,recall,f1_score,support,model_family,is_summary_label,variant_order,model_order
sentiment,majority,clean,negative,0.0,0.0,0.0,1409.0,baseline,False,0,0
sentiment,majority,clean,neutral,0.0,0.0,0.0,167.0,baseline,False,0,0
sentiment,majority,clean,positive,0.5022109917877448,1.0,0.6686291000841043,1590.0,baseline,False,0,0
sentiment,majority,clean,accuracy,,,0.5022109917877448,,baseline,True,0,0
sentiment,majority,clean,macro avg,0.1674036639292482,0.3333333333333333,0.2228763666947014,3166.0,baseline,True,0,0
sentiment,majority,clean,weighted avg,0.2522158802724302,0.5022109917877448,0.3357928834913852,3166.0,baseline,True,0,0
sentiment,tfidf_word_svm,clean,negative,0.8821192052980132,0.9453513129879348,0.9126413155190134,1409.0,baseline,False,0,1
sentiment,tfidf_word_svm,clean,neutral,0.4454545454545454,0.2934131736526946,0.3537906137184115,167.0,baseline,False,0,1
sentiment,tfidf_word_svm,clean,positive,0.9333764553686934,0.9075471698113208,0.920280612244898,1590.0,baseline,False,0,1
sentiment,tfidf_word_svm,clean,accuracy,,,0.8919772583701832,,baseline,True,0,1
sentiment,tfidf_word_svm,clean,macro avg,0.753650068707084,0.7154372188173167,0.7289041804941077,3166.0,baseline,True,0,1
sentiment,tfidf_word_svm,clean,weighted avg,0.8848279953859861,0.8919772583701832,0.8869996271404461,3166.0,baseline,True,0,1
sentiment,tfidf_char_svm,clean,negative,0.8802477632484514,0.907735982966643,0.893780573025856,1409.0,baseline,False,0,2
sentiment,tfidf_char_svm,clean,neutral,0.3956043956043956,0.4311377245508982,0.4126074498567335,167.0,baseline,False,0,2
sentiment,tfidf_char_svm,clean,positive,0.9274983670803396,0.8930817610062893,0.9099647548862544,1590.0,baseline,False,0,2
sentiment,tfidf_char_svm,clean,accuracy,,,0.8752368919772584,,baseline,True,0,2
sentiment,tfidf_char_svm,clean,macro avg,0.7344501753110623,0.7439851561746101,0.7387842592562812,3166.0,baseline,True,0,2
sentiment,tfidf_char_svm,clean,weighted avg,0.8784135932219653,0.8752368919772584,0.8765275526811909,3166.0,baseline,True,0,2
sentiment,phobert,clean,negative,0.9433566433566434,0.957416607523066,0.9503346248679112,1409.0,phobert,False,0,3
sentiment,phobert,clean,neutral,0.6258992805755396,0.5209580838323353,0.5686274509803921,167.0,phobert,False,0,3
sentiment,phobert,clean,positive,0.947401377582968,0.9515723270440252,0.9494822717288988,1590.0,phobert,False,0,3
sentiment,phobert,clean,accuracy,,,0.9314592545799116,,phobert,True,0,3
sentiment,phobert,clean,macro avg,0.838885767171717,0.8099823394664756,0.822814782525734,3166.0,phobert,True,0,3
sentiment,phobert,clean,weighted avg,0.9286427292174808,0.9314592545799116,0.9297722939992298,3166.0,phobert,True,0,3
sentiment,majority,typo_light,negative,0.0,0.0,0.0,1409.0,baseline,False,1,0
sentiment,majority,typo_light,neutral,0.0,0.0,0.0,167.0,baseline,False,1,0
sentiment,majority,typo_light,positive,0.5022109917877448,1.0,0.6686291000841043,1590.0,baseline,False,1,0
sentiment,majority,typo_light,accuracy,,,0.5022109917877448,,baseline,True,1,0
sentiment,majority,typo_light,macro avg,0.1674036639292482,0.3333333333333333,0.2228763666947014,3166.0,baseline,True,1,0
sentiment,majority,typo_light,weighted avg,0.2522158802724302,0.5022109917877448,0.3357928834913852,3166.0,baseline,True,1,0
sentiment,tfidf_word_svm,typo_light,negative,0.8793103448275862,0.9410929737402411,0.9091532396297566,1409.0,baseline,False,1,1
sentiment,tfidf_word_svm,typo_light,neutral,0.4392523364485981,0.281437125748503,0.3430656934306569,167.0,baseline,False,1,1
sentiment,tfidf_word_svm,typo_light,positive,0.927143778207608,0.9044025157232704,0.915631964342566,1590.0,baseline,False,1,1
sentiment,tfidf_word_svm,typo_light,accuracy,,,0.8878711307643714,,baseline,True,1,1
sentiment,tfidf_word_svm,typo_light,macro avg,0.7485688198279309,0.7089775384040049,0.7226169658009932,3166.0,baseline,True,1,1
sentiment,tfidf_word_svm,typo_light,weighted avg,0.8801206643711564,0.8878711307643714,0.8825469705451444,3166.0,baseline,True,1,1
sentiment,tfidf_char_svm,typo_light,negative,0.8811333794056669,0.9048970901348474,0.8928571428571429,1409.0,baseline,False,1,2
sentiment,tfidf_char_svm,typo_light,neutral,0.372972972972973,0.4131736526946107,0.3920454545454545,167.0,baseline,False,1,2
sentiment,tfidf_char_svm,typo_light,positive,0.926336375488918,0.8937106918238994,0.909731113956466,1590.0,baseline,False,1,2
sentiment,tfidf_char_svm,typo_light,accuracy,,,0.8733417561591914,,baseline,True,1,2
sentiment,tfidf_char_svm,typo_light,macro avg,0.7268142426225194,0.7372604782177858,0.7315445704530212,3166.0,baseline,True,1,2
sentiment,tfidf_char_svm,typo_light,weighted avg,0.8770304027468259,0.8733417561591914,0.8749146482582396,3166.0,baseline,True,1,2
sentiment,phobert,typo_light,negative,0.941299790356394,0.9559971611071684,0.9485915492957746,1409.0,phobert,False,1,3
sentiment,phobert,typo_light,neutral,0.6277372262773723,0.5149700598802395,0.5657894736842105,167.0,phobert,False,1,3
sentiment,phobert,typo_light,positive,0.9443053817271588,0.9490566037735848,0.9466750313676286,1590.0,phobert,False,1,3
sentiment,phobert,typo_light,accuracy,,,0.9292482627921668,,phobert,True,1,3
sentiment,phobert,typo_light,macro avg,0.8377807994536418,0.8066746082536643,0.8203520181158712,3166.0,phobert,True,1,3
sentiment,phobert,typo_light,weighted avg,0.9262694498883964,0.9292482627921668,0.9274370293548766,3166.0,phobert,True,1,3
sentiment,majority,typo_medium,negative,0.0,0.0,0.0,1409.0,baseline,False,2,0
sentiment,majority,typo_medium,neutral,0.0,0.0,0.0,167.0,baseline,False,2,0
sentiment,majority,typo_medium,positive,0.5022109917877448,1.0,0.6686291000841043,1590.0,baseline,False,2,0
sentiment,majority,typo_medium,accuracy,,,0.5022109917877448,,baseline,True,2,0
sentiment,majority,typo_medium,macro avg,0.1674036639292482,0.3333333333333333,0.2228763666947014,3166.0,baseline,True,2,0
sentiment,majority,typo_medium,weighted avg,0.2522158802724302,0.5022109917877448,0.3357928834913852,3166.0,baseline,True,2,0
sentiment,tfidf_word_svm,typo_medium,negative,0.874251497005988,0.9325762952448544,0.9024725274725276,1409.0,baseline,False,2,1
sentiment,tfidf_word_svm,typo_medium,neutral,0.4035087719298245,0.2754491017964072,0.3274021352313167,167.0,baseline,False,2,1
sentiment,tfidf_word_svm,typo_medium,positive,0.9244673983214976,0.9006289308176101,0.9123924816820644,1590.0,baseline,False,2,1
sentiment,tfidf_word_svm,typo_medium,accuracy,,,0.8818698673404928,,baseline,True,2,1
sentiment,tfidf_word_svm,typo_medium,macro avg,0.7340758890857702,0.7028847759529574,0.7140890481286362,3166.0,baseline,True,2,1
sentiment,tfidf_word_svm,typo_medium,weighted avg,0.8746397623262474,0.8818698673404928,0.8771206549800705,3166.0,baseline,True,2,1
sentiment,tfidf_char_svm,typo_medium,negative,0.876551724137931,0.9020581973030518,0.8891220706540749,1409.0,baseline,False,2,2
sentiment,tfidf_char_svm,typo_medium,neutral,0.3717277486910995,0.4251497005988024,0.3966480446927374,167.0,baseline,False,2,2
sentiment,tfidf_char_svm,typo_medium,positive,0.9272131147540984,0.889308176100629,0.907865168539326,1590.0,baseline,False,2,2
sentiment,tfidf_char_svm,typo_medium,accuracy,,,0.8704990524320909,,baseline,True,2,2
sentiment,tfidf_char_svm,typo_medium,macro avg,0.725164195861043,0.738838691334161,0.7312117612953793,3166.0,baseline,True,2,2
sentiment,tfidf_char_svm,typo_medium,weighted avg,0.8753660030956332,0.8704990524320909,0.8725580666433377,3166.0,baseline,True,2,2
sentiment,phobert,typo_medium,negative,0.9403927068723704,0.9517388218594748,0.946031746031746,1409.0,phobert,False,2,3
sentiment,phobert,typo_medium,neutral,0.6068965517241379,0.5269461077844312,0.5641025641025641,167.0,phobert,False,2,3
sentiment,phobert,typo_medium,positive,0.9448275862068966,0.9477987421383648,0.9463108320251178,1590.0,phobert,False,2,3
sentiment,phobert,typo_medium,accuracy,,,0.9273531269740998,,phobert,True,2,3
sentiment,phobert,typo_medium,macro avg,0.8307056149344683,0.8088278905940903,0.8188150473864759,3166.0,phobert,True,2,3
sentiment,phobert,typo_medium,weighted avg,0.925028714526237,0.9273531269740998,0.9260259258634856,3166.0,phobert,True,2,3
sentiment,majority,teencode_light,negative,0.0,0.0,0.0,1409.0,baseline,False,3,0
sentiment,majority,teencode_light,neutral,0.0,0.0,0.0,167.0,baseline,False,3,0
sentiment,majority,teencode_light,positive,0.5022109917877448,1.0,0.6686291000841043,1590.0,baseline,False,3,0
sentiment,majority,teencode_light,accuracy,,,0.5022109917877448,,baseline,True,3,0
sentiment,majority,teencode_light,macro avg,0.1674036639292482,0.3333333333333333,0.2228763666947014,3166.0,baseline,True,3,0
sentiment,majority,teencode_light,weighted avg,0.2522158802724302,0.5022109917877448,0.3357928834913852,3166.0,baseline,True,3,0
sentiment,tfidf_word_svm,teencode_light,negative,0.8820754716981132,0.92902767920511,0.9049429657794676,1409.0,baseline,False,3,1
sentiment,tfidf_word_svm,teencode_light,neutral,0.4247787610619469,0.2874251497005988,0.3428571428571428,167.0,baseline,False,3,1
sentiment,tfidf_word_svm,teencode_light,positive,0.9222434671765456,0.910062893081761,0.9161126938904716,1590.0,baseline,False,3,1
sentiment,tfidf_word_svm,teencode_light,accuracy,,,0.8856601389766267,,baseline,True,3,1
sentiment,tfidf_word_svm,teencode_light,macro avg,0.7430325666455353,0.7088385739958233,0.7213042675090274,3166.0,baseline,True,3,1
sentiment,tfidf_word_svm,teencode_light,weighted avg,0.8781268179187284,0.8856601389766267,0.8809036528509989,3166.0,baseline,True,3,1
sentiment,tfidf_char_svm,teencode_light,negative,0.8818565400843882,0.8899929027679205,0.8859060402684564,1409.0,baseline,False,3,2
sentiment,tfidf_char_svm,teencode_light,neutral,0.3756345177664975,0.4431137724550898,0.4065934065934066,167.0,baseline,False,3,2
sentiment,tfidf_char_svm,teencode_light,positive,0.92049127343245,0.8955974842767296,0.9078737647433854,1590.0,baseline,False,3,2
sentiment,tfidf_char_svm,teencode_light,accuracy,,,0.8692356285533797,,baseline,True,3,2
sentiment,tfidf_char_svm,teencode_light,macro avg,0.7259941104277785,0.7429013864999133,0.7334577372017494,3166.0,baseline,True,3,2
sentiment,tfidf_char_svm,teencode_light,weighted avg,0.8745571554654148,0.8692356285533797,0.87165571559739,3166.0,baseline,True,3,2
sentiment,phobert,teencode_light,negative,0.9426751592356688,0.9453513129879348,0.9440113394755492,1409.0,phobert,False,3,3
sentiment,phobert,teencode_light,neutral,0.5918367346938775,0.5209580838323353,0.554140127388535,167.0,phobert,False,3,3
sentiment,phobert,teencode_light,positive,0.9396014943960148,0.9490566037735848,0.9443053817271588,1590.0,phobert,False,3,3
sentiment,phobert,teencode_light,accuracy,,,0.9248262792166771,,phobert,True,3,3
sentiment,phobert,teencode_light,macro avg,0.824704462775187,0.8051220001979517,0.8141522828637479,3166.0,phobert,True,3,3
sentiment,phobert,teencode_light,weighted avg,0.9226255243672136,0.9248262792166771,0.923594104719241,3166.0,phobert,True,3,3
sentiment,majority,mixed_light,negative,0.0,0.0,0.0,1409.0,baseline,False,4,0
sentiment,majority,mixed_light,neutral,0.0,0.0,0.0,167.0,baseline,False,4,0
sentiment,majority,mixed_light,positive,0.5022109917877448,1.0,0.6686291000841043,1590.0,baseline,False,4,0
sentiment,majority,mixed_light,accuracy,,,0.5022109917877448,,baseline,True,4,0
sentiment,majority,mixed_light,macro avg,0.1674036639292482,0.3333333333333333,0.2228763666947014,3166.0,baseline,True,4,0
sentiment,majority,mixed_light,weighted avg,0.2522158802724302,0.5022109917877448,0.3357928834913852,3166.0,baseline,True,4,0
sentiment,tfidf_word_svm,mixed_light,negative,0.8803245436105477,0.9240596167494676,0.901662049861496,1409.0,baseline,False,4,1
sentiment,tfidf_word_svm,mixed_light,neutral,0.4272727272727272,0.281437125748503,0.3393501805054151,167.0,baseline,False,4,1
sentiment,tfidf_word_svm,mixed_light,positive,0.9150285351934052,0.9075471698113208,0.9112724976318284,1590.0,baseline,False,4,1
sentiment,tfidf_word_svm,mixed_light,accuracy,,,0.8818698673404928,,baseline,True,4,1
sentiment,tfidf_word_svm,mixed_light,macro avg,0.7408752686922266,0.7043479707697639,0.7174282426662465,3166.0,baseline,True,4,1
sentiment,tfidf_word_svm,mixed_light,weighted avg,0.8738557164748331,0.8818698673404928,0.8768277257213706,3166.0,baseline,True,4,1
sentiment,tfidf_char_svm,mixed_light,negative,0.8834399431414357,0.8821859474804826,0.8828125,1409.0,baseline,False,4,2
sentiment,tfidf_char_svm,mixed_light,neutral,0.3512195121951219,0.4311377245508982,0.3870967741935484,167.0,baseline,False,4,2
sentiment,tfidf_char_svm,mixed_light,positive,0.915057915057915,0.8943396226415095,0.9045801526717556,1590.0,baseline,False,4,2
sentiment,tfidf_char_svm,mixed_light,accuracy,,,0.8644977890082123,,baseline,True,4,2
sentiment,tfidf_char_svm,mixed_light,macro avg,0.7165724567981574,0.7358877648909634,0.7248298089551014,3166.0,baseline,True,4,2
sentiment,tfidf_char_svm,mixed_light,weighted avg,0.8712453011260116,0.8644977890082123,0.8675964676368965,3166.0,baseline,True,4,2
sentiment,phobert,mixed_light,negative,0.9403832505322924,0.9403832505322924,0.9403832505322924,1409.0,phobert,False,4,3
sentiment,phobert,mixed_light,neutral,0.5986394557823129,0.5269461077844312,0.5605095541401274,167.0,phobert,False,4,3
sentiment,phobert,mixed_light,positive,0.9347826086956522,0.9465408805031448,0.940625,1590.0,phobert,False,4,3
sentiment,phobert,mixed_light,accuracy,,,0.9216677195198988,,phobert,True,4,3
sentiment,phobert,mixed_light,macro avg,0.8246017716700859,0.8046234129399562,0.8138392682241399,3166.0,phobert,True,4,3
sentiment,phobert,mixed_light,weighted avg,0.9195442630896188,0.9216677195198988,0.920467102192483,3166.0,phobert,True,4,3
sentiment,majority,no_accent,negative,0.0,0.0,0.0,1409.0,baseline,False,5,0
sentiment,majority,no_accent,neutral,0.0,0.0,0.0,167.0,baseline,False,5,0
sentiment,majority,no_accent,positive,0.5022109917877448,1.0,0.6686291000841043,1590.0,baseline,False,5,0
sentiment,majority,no_accent,accuracy,,,0.5022109917877448,,baseline,True,5,0
sentiment,majority,no_accent,macro avg,0.1674036639292482,0.3333333333333333,0.2228763666947014,3166.0,baseline,True,5,0
sentiment,majority,no_accent,weighted avg,0.2522158802724302,0.5022109917877448,0.3357928834913852,3166.0,baseline,True,5,0
sentiment,tfidf_word_svm,no_accent,negative,0.5135730007336757,0.49680624556423,0.5050505050505051,1409.0,baseline,False,5,1
sentiment,tfidf_word_svm,no_accent,neutral,0.0844277673545966,0.5389221556886228,0.145985401459854,167.0,baseline,False,5,1
sentiment,tfidf_word_svm,no_accent,positive,0.6757123473541384,0.3132075471698113,0.4280189084658358,1590.0,baseline,False,5,1
sentiment,tfidf_word_svm,no_accent,accuracy,,,0.4068224889450411,,baseline,True,5,1
sentiment,tfidf_word_svm,no_accent,macro avg,0.4245710384808036,0.449645316140888,0.3596849383253983,3166.0,baseline,True,5,1
sentiment,tfidf_word_svm,no_accent,weighted avg,0.5723646328095537,0.4068224889450411,0.4474244434998851,3166.0,baseline,True,5,1
sentiment,tfidf_char_svm,no_accent,negative,0.594925634295713,0.4826117814052519,0.5329153605015674,1409.0,baseline,False,5,2
sentiment,tfidf_char_svm,no_accent,neutral,0.0921465968586387,0.5269461077844312,0.1568627450980392,167.0,baseline,False,5,2
sentiment,tfidf_char_svm,no_accent,positive,0.6872659176029963,0.4616352201257861,0.5522949586155004,1590.0,baseline,False,5,2
sentiment,tfidf_char_svm,no_accent,accuracy,,,0.474415666456096,,baseline,True,5,2
sentiment,tfidf_char_svm,no_accent,macro avg,0.4581127162524493,0.4903977031051565,0.414024354738369,3166.0,baseline,True,5,2
sentiment,tfidf_char_svm,no_accent,weighted avg,0.614779377570062,0.474415666456096,0.5228120042882902,3166.0,baseline,True,5,2
sentiment,phobert,no_accent,negative,0.5551470588235294,0.2143364088005677,0.3092677931387609,1409.0,phobert,False,5,3
sentiment,phobert,no_accent,neutral,0.0801855533465871,0.7245508982035929,0.1443914081145584,167.0,phobert,False,5,3
sentiment,phobert,no_accent,positive,0.6873315363881402,0.4811320754716981,0.5660377358490566,1590.0,phobert,False,5,3
sentiment,phobert,no_accent,accuracy,,,0.3752368919772583,,phobert,True,5,3
sentiment,phobert,no_accent,macro avg,0.4408880495194189,0.4733397941586196,0.3398989790341253,3166.0,phobert,True,5,3
sentiment,phobert,no_accent,weighted avg,0.5964783121125634,0.3752368919772583,0.4295235899202922,3166.0,phobert,True,5,3
sentiment,majority,mixed_no_accent,negative,0.0,0.0,0.0,1409.0,baseline,False,6,0
sentiment,majority,mixed_no_accent,neutral,0.0,0.0,0.0,167.0,baseline,False,6,0
sentiment,majority,mixed_no_accent,positive,0.5022109917877448,1.0,0.6686291000841043,1590.0,baseline,False,6,0
sentiment,majority,mixed_no_accent,accuracy,,,0.5022109917877448,,baseline,True,6,0
sentiment,majority,mixed_no_accent,macro avg,0.1674036639292482,0.3333333333333333,0.2228763666947014,3166.0,baseline,True,6,0
sentiment,majority,mixed_no_accent,weighted avg,0.2522158802724302,0.5022109917877448,0.3357928834913852,3166.0,baseline,True,6,0
sentiment,tfidf_word_svm,mixed_no_accent,negative,0.5085629188384214,0.4847409510290986,0.4963662790697674,1409.0,baseline,False,6,1
sentiment,tfidf_word_svm,mixed_no_accent,neutral,0.0860018298261665,0.562874251497006,0.1492063492063492,167.0,baseline,False,6,1
sentiment,tfidf_word_svm,mixed_no_accent,positive,0.6767123287671233,0.310691823899371,0.4258620689655172,1590.0,baseline,False,6,1
sentiment,tfidf_word_svm,mixed_no_accent,accuracy,,,0.401452937460518,,baseline,True,6,1
sentiment,tfidf_word_svm,mixed_no_accent,macro avg,0.4237590258105704,0.4527690088084919,0.3571448990805446,3166.0,baseline,True,6,1
sentiment,tfidf_word_svm,mixed_no_accent,weighted avg,0.5707201708667188,0.401452937460518,0.4426463162292909,3166.0,baseline,True,6,1
sentiment,tfidf_char_svm,mixed_no_accent,negative,0.5956482320942883,0.4662881476224272,0.5230891719745223,1409.0,baseline,False,6,2
sentiment,tfidf_char_svm,mixed_no_accent,neutral,0.0904471544715447,0.5329341317365269,0.154648132059079,167.0,baseline,False,6,2
sentiment,tfidf_char_svm,mixed_no_accent,positive,0.6867469879518072,0.4660377358490566,0.5552641438741102,1590.0,baseline,False,6,2
sentiment,tfidf_char_svm,mixed_no_accent,accuracy,,,0.4696778269109286,,baseline,True,6,2
sentiment,tfidf_char_svm,mixed_no_accent,macro avg,0.4576141248392134,0.4884200050693369,0.4110004826359039,3166.0,baseline,True,6,2
sentiment,tfidf_char_svm,mixed_no_accent,weighted avg,0.6147507089895684,0.4696778269109286,0.5198132881003801,3166.0,baseline,True,6,2
sentiment,phobert,mixed_no_accent,negative,0.5651408450704225,0.2278211497515968,0.3247344461305007,1409.0,phobert,False,6,3
sentiment,phobert,mixed_no_accent,neutral,0.0786736020806241,0.7245508982035929,0.1419354838709677,167.0,phobert,False,6,3
sentiment,phobert,mixed_no_accent,positive,0.6933962264150944,0.4622641509433962,0.5547169811320755,1590.0,phobert,False,6,3
sentiment,phobert,mixed_no_accent,accuracy,,,0.3717624763108023,,phobert,True,6,3
sentiment,phobert,mixed_no_accent,macro avg,0.4457368911887137,0.4715453996328619,0.3404623037111813,3166.0,phobert,True,6,3
sentiment,phobert,mixed_no_accent,weighted avg,0.6038919590182216,0.3717624763108023,0.4305919331662435,3166.0,phobert,True,6,3
topic,majority,clean,facility,0.0,0.0,0.0,145.0,baseline,False,0,0
topic,majority,clean,lecturer,0.7233101705622236,1.0,0.8394428152492669,2290.0,baseline,False,0,0
topic,majority,clean,others,0.0,0.0,0.0,159.0,baseline,False,0,0
topic,majority,clean,training_program,0.0,0.0,0.0,572.0,baseline,False,0,0
topic,majority,clean,accuracy,,,0.7233101705622236,,baseline,True,0,0
topic,majority,clean,macro avg,0.1808275426405559,0.25,0.2098607038123167,3166.0,baseline,True,0,0
topic,majority,clean,weighted avg,0.523177602838753,0.7233101705622236,0.6071775258751805,3166.0,baseline,True,0,0
topic,tfidf_word_svm,clean,facility,0.9054054054054054,0.9241379310344828,0.9146757679180888,145.0,baseline,False,0,1
topic,tfidf_word_svm,clean,lecturer,0.934322986954566,0.9069868995633188,0.92045202747618,2290.0,baseline,False,0,1
topic,tfidf_word_svm,clean,others,0.4788732394366197,0.4276729559748428,0.4518272425249169,159.0,baseline,False,0,1
topic,tfidf_word_svm,clean,training_program,0.6722817764165391,0.7674825174825175,0.7167346938775511,572.0,baseline,False,0,1
topic,tfidf_word_svm,clean,accuracy,,,0.8584965255843335,,baseline,True,0,1
topic,tfidf_word_svm,clean,macro avg,0.7477208520532824,0.7565700760137904,0.7509224329491841,3166.0,baseline,True,0,1
topic,tfidf_word_svm,clean,weighted avg,0.862782515821359,0.8584965255843335,0.8598470959343006,3166.0,baseline,True,0,1
topic,tfidf_char_svm,clean,facility,0.8580645161290322,0.9172413793103448,0.8866666666666667,145.0,baseline,False,0,2
topic,tfidf_char_svm,clean,lecturer,0.9365079365079364,0.8759825327510917,0.9052346570397112,2290.0,baseline,False,0,2
topic,tfidf_char_svm,clean,others,0.3990825688073394,0.5471698113207547,0.4615384615384615,159.0,baseline,False,0,2
topic,tfidf_char_svm,clean,training_program,0.6344086021505376,0.722027972027972,0.6753883892068684,572.0,baseline,False,0,2
topic,tfidf_char_svm,clean,accuracy,,,0.8335439039797852,,baseline,True,0,2
topic,tfidf_char_svm,clean,macro avg,0.7070159058987114,0.7656054238525408,0.732207043612927,3166.0,baseline,True,0,2
topic,tfidf_char_svm,clean,weighted avg,0.8513450342111052,0.8335439039797852,0.8405751122231676,3166.0,baseline,True,0,2
topic,phobert,clean,facility,0.9241379310344828,0.9241379310344828,0.9241379310344828,145.0,phobert,False,0,3
topic,phobert,clean,lecturer,0.9382556131260794,0.9489082969432314,0.9435518888406428,2290.0,phobert,False,0,3
topic,phobert,clean,others,0.6386554621848739,0.4779874213836478,0.5467625899280576,159.0,phobert,False,0,3
topic,phobert,clean,training_program,0.7764505119453925,0.7954545454545454,0.7858376511226253,572.0,phobert,False,0,3
topic,phobert,clean,accuracy,,,0.8963992419456728,,phobert,True,0,3
topic,phobert,clean,macro avg,0.8193748795727072,0.7866220487039768,0.8000725152314521,3166.0,phobert,True,0,3
topic,phobert,clean,weighted avg,0.8933295215978779,0.8963992419456728,0.8942413814547615,3166.0,phobert,True,0,3
topic,majority,typo_light,facility,0.0,0.0,0.0,145.0,baseline,False,1,0
topic,majority,typo_light,lecturer,0.7233101705622236,1.0,0.8394428152492669,2290.0,baseline,False,1,0
topic,majority,typo_light,others,0.0,0.0,0.0,159.0,baseline,False,1,0
topic,majority,typo_light,training_program,0.0,0.0,0.0,572.0,baseline,False,1,0
topic,majority,typo_light,accuracy,,,0.7233101705622236,,baseline,True,1,0
topic,majority,typo_light,macro avg,0.1808275426405559,0.25,0.2098607038123167,3166.0,baseline,True,1,0
topic,majority,typo_light,weighted avg,0.523177602838753,0.7233101705622236,0.6071775258751805,3166.0,baseline,True,1,0
topic,tfidf_word_svm,typo_light,facility,0.9047619047619048,0.9172413793103448,0.910958904109589,145.0,baseline,False,1,1
topic,tfidf_word_svm,typo_light,lecturer,0.9339067451335444,0.9008733624454148,0.9170926872638364,2290.0,baseline,False,1,1
topic,tfidf_word_svm,typo_light,others,0.4666666666666667,0.440251572327044,0.4530744336569579,159.0,baseline,False,1,1
topic,tfidf_word_svm,typo_light,training_program,0.6696969696969697,0.7727272727272727,0.7175324675324676,572.0,baseline,False,1,1
topic,tfidf_word_svm,typo_light,accuracy,,,0.8553379658875553,,baseline,True,1,1
topic,tfidf_word_svm,typo_light,macro avg,0.7437580715647715,0.7577733967025191,0.7496646231407127,3166.0,baseline,True,1,1
topic,tfidf_word_svm,typo_light,weighted avg,0.8613719485827415,0.8553379658875553,0.8574537906854403,3166.0,baseline,True,1,1
topic,tfidf_char_svm,typo_light,facility,0.8516129032258064,0.9103448275862068,0.88,145.0,baseline,False,1,2
topic,tfidf_char_svm,typo_light,lecturer,0.9343031440638198,0.8694323144104803,0.9007011988237955,2290.0,baseline,False,1,2
topic,tfidf_char_svm,typo_light,others,0.3794642857142857,0.5345911949685535,0.443864229765013,159.0,baseline,False,1,2
topic,tfidf_char_svm,typo_light,training_program,0.625,0.7167832167832168,0.6677524429967426,572.0,baseline,False,1,2
topic,tfidf_char_svm,typo_light,accuracy,,,0.8269109286165508,,baseline,True,1,2
topic,tfidf_char_svm,typo_light,macro avg,0.697595083250978,0.7577878884371144,0.7230794678963879,3166.0,baseline,True,1,2
topic,tfidf_char_svm,typo_light,weighted avg,0.8467697069811942,0.8269109286165508,0.8347234855443036,3166.0,baseline,True,1,2
topic,phobert,typo_light,facility,0.91156462585034,0.9241379310344828,0.9178082191780822,145.0,phobert,False,1,3
topic,phobert,typo_light,lecturer,0.9369330453563716,0.9471615720524016,0.9420195439739414,2290.0,phobert,False,1,3
topic,phobert,typo_light,others,0.628099173553719,0.4779874213836478,0.5428571428571428,159.0,phobert,False,1,3
topic,phobert,typo_light,training_program,0.7718696397941681,0.7867132867132867,0.7792207792207793,572.0,phobert,False,1,3
topic,phobert,typo_light,accuracy,,,0.8935565382185723,,phobert,True,1,3
topic,phobert,typo_light,macro avg,0.8121166211386497,0.7840000527959547,0.7954764213074864,3166.0,phobert,True,1,3
topic,phobert,typo_light,weighted avg,0.8904392757964926,0.8935565382185723,0.8914515220814021,3166.0,phobert,True,1,3
topic,majority,typo_medium,facility,0.0,0.0,0.0,145.0,baseline,False,2,0
topic,majority,typo_medium,lecturer,0.7233101705622236,1.0,0.8394428152492669,2290.0,baseline,False,2,0
topic,majority,typo_medium,others,0.0,0.0,0.0,159.0,baseline,False,2,0
topic,majority,typo_medium,training_program,0.0,0.0,0.0,572.0,baseline,False,2,0
topic,majority,typo_medium,accuracy,,,0.7233101705622236,,baseline,True,2,0
topic,majority,typo_medium,macro avg,0.1808275426405559,0.25,0.2098607038123167,3166.0,baseline,True,2,0
topic,majority,typo_medium,weighted avg,0.523177602838753,0.7233101705622236,0.6071775258751805,3166.0,baseline,True,2,0
topic,tfidf_word_svm,typo_medium,facility,0.8979591836734694,0.9103448275862068,0.9041095890410958,145.0,baseline,False,2,1
topic,tfidf_word_svm,typo_medium,lecturer,0.9339407744874716,0.8951965065502183,0.9141583054626532,2290.0,baseline,False,2,1
topic,tfidf_word_svm,typo_medium,others,0.4394904458598726,0.4339622641509434,0.4367088607594936,159.0,baseline,False,2,1
topic,tfidf_word_svm,typo_medium,training_program,0.6536731634182908,0.7622377622377622,0.7037933817594835,572.0,baseline,False,2,1
topic,tfidf_word_svm,typo_medium,accuracy,,,0.8487049905243209,,baseline,True,2,1
topic,tfidf_word_svm,typo_medium,macro avg,0.7312658918597761,0.7504353401312828,0.7396925342556816,3166.0,baseline,True,2,1
topic,tfidf_word_svm,typo_medium,weighted avg,0.8568251691648594,0.8487049905243209,0.8517134975197785,3166.0,baseline,True,2,1
topic,tfidf_char_svm,typo_medium,facility,0.8562091503267973,0.903448275862069,0.8791946308724832,145.0,baseline,False,2,2
topic,tfidf_char_svm,typo_medium,lecturer,0.9350588235294116,0.8676855895196507,0.9001132502831257,2290.0,baseline,False,2,2
topic,tfidf_char_svm,typo_medium,others,0.3679653679653679,0.5345911949685535,0.4358974358974359,159.0,baseline,False,2,2
topic,tfidf_char_svm,typo_medium,training_program,0.6270928462709284,0.7202797202797203,0.6704637917005696,572.0,baseline,False,2,2
topic,tfidf_char_svm,typo_medium,accuracy,,,0.8259633607075174,,baseline,True,2,2
topic,tfidf_char_svm,typo_medium,macro avg,0.6965815470231264,0.7565011951574984,0.7214172771884035,3166.0,baseline,True,2,2
topic,tfidf_char_svm,typo_medium,weighted avg,0.8473274271172466,0.8259633607075174,0.8343510883718528,3166.0,baseline,True,2,2
topic,phobert,typo_medium,facility,0.9225352112676056,0.903448275862069,0.9128919860627178,145.0,phobert,False,2,3
topic,phobert,typo_medium,lecturer,0.936272370144042,0.9366812227074236,0.9364767518009168,2290.0,phobert,False,2,3
topic,phobert,typo_medium,others,0.5735294117647058,0.490566037735849,0.5288135593220339,159.0,phobert,False,2,3
topic,phobert,typo_medium,training_program,0.7520938023450586,0.784965034965035,0.7681779298545766,572.0,phobert,False,2,3
topic,phobert,typo_medium,accuracy,,,0.8853442830069488,,phobert,True,2,3
topic,phobert,typo_medium,macro avg,0.796107698880353,0.7789151428175941,0.7865900567600613,3166.0,phobert,True,2,3
topic,phobert,typo_medium,weighted avg,0.8841503994553443,0.8853442830069488,0.8845168134593224,3166.0,phobert,True,2,3
topic,majority,teencode_light,facility,0.0,0.0,0.0,145.0,baseline,False,3,0
topic,majority,teencode_light,lecturer,0.7233101705622236,1.0,0.8394428152492669,2290.0,baseline,False,3,0
topic,majority,teencode_light,others,0.0,0.0,0.0,159.0,baseline,False,3,0
topic,majority,teencode_light,training_program,0.0,0.0,0.0,572.0,baseline,False,3,0
topic,majority,teencode_light,accuracy,,,0.7233101705622236,,baseline,True,3,0
topic,majority,teencode_light,macro avg,0.1808275426405559,0.25,0.2098607038123167,3166.0,baseline,True,3,0
topic,majority,teencode_light,weighted avg,0.523177602838753,0.7233101705622236,0.6071775258751805,3166.0,baseline,True,3,0
topic,tfidf_word_svm,teencode_light,facility,0.9178082191780822,0.9241379310344828,0.9209621993127148,145.0,baseline,False,3,1
topic,tfidf_word_svm,teencode_light,lecturer,0.9315623592976136,0.9034934497816594,0.917313234316116,2290.0,baseline,False,3,1
topic,tfidf_word_svm,teencode_light,others,0.4657534246575342,0.4276729559748428,0.4459016393442623,159.0,baseline,False,3,1
topic,tfidf_word_svm,teencode_light,training_program,0.667687595712098,0.7622377622377622,0.7118367346938775,572.0,baseline,False,3,1
topic,tfidf_word_svm,teencode_light,accuracy,,,0.8550221099178774,,baseline,True,3,1
topic,tfidf_word_svm,teencode_light,macro avg,0.7457028997113321,0.7543855247571868,0.7490034519167426,3166.0,baseline,True,3,1
topic,tfidf_word_svm,teencode_light,weighted avg,0.8598648432849733,0.8550221099178774,0.8566821852131666,3166.0,baseline,True,3,1
topic,tfidf_char_svm,teencode_light,facility,0.8562091503267973,0.903448275862069,0.8791946308724832,145.0,baseline,False,3,2
topic,tfidf_char_svm,teencode_light,lecturer,0.933993399339934,0.8650655021834062,0.8982090228973022,2290.0,baseline,False,3,2
topic,tfidf_char_svm,teencode_light,others,0.3670886075949367,0.5471698113207547,0.4393939393939394,159.0,baseline,False,3,2
topic,tfidf_char_svm,teencode_light,training_program,0.6198473282442748,0.7097902097902098,0.6617766911165445,572.0,baseline,False,3,2
topic,tfidf_char_svm,teencode_light,accuracy,,,0.822804801010739,,baseline,True,3,2
topic,tfidf_char_svm,teencode_light,macro avg,0.6942846213764857,0.7563684497891099,0.7196435710700673,3166.0,baseline,True,3,2
topic,tfidf_char_svm,teencode_light,weighted avg,0.8452037181456583,0.822804801010739,0.8315798444705091,3166.0,baseline,True,3,2
topic,phobert,teencode_light,facility,0.93006993006993,0.9172413793103448,0.9236111111111112,145.0,phobert,False,3,3
topic,phobert,teencode_light,lecturer,0.935132781889421,0.937991266375546,0.9365598430346632,2290.0,phobert,False,3,3
topic,phobert,teencode_light,others,0.5826771653543307,0.4654088050314465,0.5174825174825175,159.0,phobert,False,3,3
topic,phobert,teencode_light,training_program,0.7462437395659433,0.7814685314685315,0.7634500426985482,572.0,phobert,False,3,3
topic,phobert,teencode_light,accuracy,,,0.885028427037271,,phobert,True,3,3
topic,phobert,teencode_light,macro avg,0.7985309042199062,0.7755274955464672,0.78527587858171,3166.0,phobert,True,3,3
topic,phobert,teencode_light,weighted avg,0.8830736887902628,0.885028427037271,0.8836445977143965,3166.0,phobert,True,3,3
topic,majority,mixed_light,facility,0.0,0.0,0.0,145.0,baseline,False,4,0
topic,majority,mixed_light,lecturer,0.7233101705622236,1.0,0.8394428152492669,2290.0,baseline,False,4,0
topic,majority,mixed_light,others,0.0,0.0,0.0,159.0,baseline,False,4,0
topic,majority,mixed_light,training_program,0.0,0.0,0.0,572.0,baseline,False,4,0
topic,majority,mixed_light,accuracy,,,0.7233101705622236,,baseline,True,4,0
topic,majority,mixed_light,macro avg,0.1808275426405559,0.25,0.2098607038123167,3166.0,baseline,True,4,0
topic,majority,mixed_light,weighted avg,0.523177602838753,0.7233101705622236,0.6071775258751805,3166.0,baseline,True,4,0
topic,tfidf_word_svm,mixed_light,facility,0.9154929577464788,0.896551724137931,0.9059233449477352,145.0,baseline,False,4,1
topic,tfidf_word_svm,mixed_light,lecturer,0.9276672694394212,0.8960698689956332,0.9115948467347844,2290.0,baseline,False,4,1
topic,tfidf_word_svm,mixed_light,others,0.435064935064935,0.4213836477987421,0.4281150159744409,159.0,baseline,False,4,1
topic,tfidf_word_svm,mixed_light,training_program,0.6534954407294833,0.7517482517482518,0.6991869918699187,572.0,baseline,False,4,1
topic,tfidf_word_svm,mixed_light,accuracy,,,0.8461781427668983,,baseline,True,4,1
topic,tfidf_word_svm,mixed_light,macro avg,0.7329301507450796,0.7414383731701396,0.7362050498817199,3166.0,baseline,True,4,1
topic,tfidf_word_svm,mixed_light,weighted avg,0.8528361473980112,0.8461781427668983,0.8486785631489602,3166.0,baseline,True,4,1
topic,tfidf_char_svm,mixed_light,facility,0.8636363636363636,0.9172413793103448,0.8896321070234113,145.0,baseline,False,4,2
topic,tfidf_char_svm,mixed_light,lecturer,0.9313264346190028,0.8646288209606987,0.8967391304347826,2290.0,baseline,False,4,2
topic,tfidf_char_svm,mixed_light,others,0.3539094650205761,0.5408805031446541,0.4278606965174129,159.0,baseline,False,4,2
topic,tfidf_char_svm,mixed_light,training_program,0.6236391912908242,0.701048951048951,0.660082304526749,572.0,baseline,False,4,2
topic,tfidf_char_svm,mixed_light,accuracy,,,0.8212255211623499,,baseline,True,4,2
topic,tfidf_char_svm,mixed_light,macro avg,0.6931278636416917,0.7559499136161622,0.7185785596255889,3166.0,baseline,True,4,2
topic,tfidf_char_svm,mixed_light,weighted avg,0.8436380386485823,0.8212255211623499,0.8301093471729677,3166.0,baseline,True,4,2
topic,phobert,mixed_light,facility,0.9097222222222222,0.903448275862069,0.9065743944636678,145.0,phobert,False,4,3
topic,phobert,mixed_light,lecturer,0.931887201735358,0.937991266375546,0.9349292709466812,2290.0,phobert,False,4,3
topic,phobert,mixed_light,others,0.5597014925373134,0.4716981132075472,0.5119453924914675,159.0,phobert,False,4,3
topic,phobert,mixed_light,training_program,0.7478559176672385,0.7622377622377622,0.754978354978355,572.0,phobert,False,4,3
topic,phobert,mixed_light,accuracy,,,0.881238155401137,,phobert,True,4,3
topic,phobert,mixed_light,macro avg,0.7872917085405331,0.768843854420731,0.7771068532200429,3166.0,phobert,True,4,3
topic,phobert,mixed_light,weighted avg,0.8789316286845499,0.881238155401137,0.879876264724856,3166.0,phobert,True,4,3
topic,majority,no_accent,facility,0.0,0.0,0.0,145.0,baseline,False,5,0
topic,majority,no_accent,lecturer,0.7233101705622236,1.0,0.8394428152492669,2290.0,baseline,False,5,0
topic,majority,no_accent,others,0.0,0.0,0.0,159.0,baseline,False,5,0
topic,majority,no_accent,training_program,0.0,0.0,0.0,572.0,baseline,False,5,0
topic,majority,no_accent,accuracy,,,0.7233101705622236,,baseline,True,5,0
topic,majority,no_accent,macro avg,0.1808275426405559,0.25,0.2098607038123167,3166.0,baseline,True,5,0
topic,majority,no_accent,weighted avg,0.523177602838753,0.7233101705622236,0.6071775258751805,3166.0,baseline,True,5,0
topic,tfidf_word_svm,no_accent,facility,0.4516129032258064,0.096551724137931,0.1590909090909091,145.0,baseline,False,5,1
topic,tfidf_word_svm,no_accent,lecturer,0.7757575757575758,0.3353711790393013,0.4682926829268293,2290.0,baseline,False,5,1
topic,tfidf_word_svm,no_accent,others,0.0632387706855791,0.6729559748427673,0.1156131820637493,159.0,baseline,False,5,1
topic,tfidf_word_svm,no_accent,training_program,0.3421633554083885,0.270979020979021,0.3024390243902439,572.0,baseline,False,5,1
topic,tfidf_word_svm,no_accent,accuracy,,,0.3297536323436513,,baseline,True,5,1
topic,tfidf_word_svm,no_accent,macro avg,0.4081931512693375,0.3439644747497551,0.2613589496179329,3166.0,baseline,True,5,1
topic,tfidf_word_svm,no_accent,weighted avg,0.6467912581444081,0.3297536323436513,0.406454846373966,3166.0,baseline,True,5,1
topic,tfidf_char_svm,no_accent,facility,0.2857142857142857,0.1517241379310344,0.1981981981981982,145.0,baseline,False,5,2
topic,tfidf_char_svm,no_accent,lecturer,0.778839590443686,0.4982532751091703,0.6077230359520639,2290.0,baseline,False,5,2
topic,tfidf_char_svm,no_accent,others,0.0754369825206991,0.5157232704402516,0.131621187800963,159.0,baseline,False,5,2
topic,tfidf_char_svm,no_accent,training_program,0.2532588454376164,0.2377622377622377,0.2452660054102795,572.0,baseline,False,5,2
topic,tfidf_char_svm,no_accent,accuracy,,,0.4361970941250789,,baseline,True,5,2
topic,tfidf_char_svm,no_accent,macro avg,0.3483124260290718,0.3508657303106735,0.2957021068403762,3166.0,baseline,True,5,2
topic,tfidf_char_svm,no_accent,weighted avg,0.6259727647996589,0.4361970941250789,0.4995718303929242,3166.0,baseline,True,5,2
topic,phobert,no_accent,facility,0.2888888888888888,0.0896551724137931,0.1368421052631579,145.0,phobert,False,5,3
topic,phobert,no_accent,lecturer,0.8213333333333334,0.2689956331877729,0.4052631578947368,2290.0,phobert,False,5,3
topic,phobert,no_accent,others,0.0652715495764823,0.8238993710691824,0.1209602954755309,159.0,phobert,False,5,3
topic,phobert,no_accent,training_program,0.1071428571428571,0.0681818181818181,0.0833333333333333,572.0,phobert,False,5,3
topic,phobert,no_accent,accuracy,,,0.2523689197725837,,phobert,True,5,3
topic,phobert,no_accent,macro avg,0.3206591572353904,0.3126829987131416,0.1865997229916897,3166.0,phobert,True,5,3
topic,phobert,no_accent,weighted avg,0.6299450767184451,0.2523689197725837,0.3205287714748519,3166.0,phobert,True,5,3
topic,majority,mixed_no_accent,facility,0.0,0.0,0.0,145.0,baseline,False,6,0
topic,majority,mixed_no_accent,lecturer,0.7233101705622236,1.0,0.8394428152492669,2290.0,baseline,False,6,0
topic,majority,mixed_no_accent,others,0.0,0.0,0.0,159.0,baseline,False,6,0
topic,majority,mixed_no_accent,training_program,0.0,0.0,0.0,572.0,baseline,False,6,0
topic,majority,mixed_no_accent,accuracy,,,0.7233101705622236,,baseline,True,6,0
topic,majority,mixed_no_accent,macro avg,0.1808275426405559,0.25,0.2098607038123167,3166.0,baseline,True,6,0
topic,majority,mixed_no_accent,weighted avg,0.523177602838753,0.7233101705622236,0.6071775258751805,3166.0,baseline,True,6,0
topic,tfidf_word_svm,mixed_no_accent,facility,0.4827586206896552,0.096551724137931,0.160919540229885,145.0,baseline,False,6,1
topic,tfidf_word_svm,mixed_no_accent,lecturer,0.7757390417940877,0.3323144104803493,0.4653011311525527,2290.0,baseline,False,6,1
topic,tfidf_word_svm,mixed_no_accent,others,0.0630841121495327,0.6792452830188679,0.1154462854088722,159.0,baseline,False,6,1
topic,tfidf_word_svm,mixed_no_accent,training_program,0.3490990990990991,0.270979020979021,0.3051181102362205,572.0,baseline,False,6,1
topic,tfidf_word_svm,mixed_no_accent,accuracy,,,0.3278584965255843,,baseline,True,6,1
topic,tfidf_word_svm,mixed_no_accent,macro avg,0.4176702184330937,0.3447726096540423,0.2616962667568826,3166.0,baseline,True,6,1
topic,tfidf_word_svm,mixed_no_accent,weighted avg,0.6494496096730642,0.3278584965255843,0.404850423912763,3166.0,baseline,True,6,1
topic,tfidf_char_svm,mixed_no_accent,facility,0.3,0.1655172413793103,0.2133333333333333,145.0,baseline,False,6,2
topic,tfidf_char_svm,mixed_no_accent,lecturer,0.7796373779637378,0.4882096069868996,0.6004296455424275,2290.0,baseline,False,6,2
topic,tfidf_char_svm,mixed_no_accent,others,0.0771992818671454,0.5408805031446541,0.1351139041633935,159.0,baseline,False,6,2
topic,tfidf_char_svm,mixed_no_accent,training_program,0.2602230483271375,0.2447552447552447,0.2522522522522522,572.0,baseline,False,6,2
topic,tfidf_char_svm,mixed_no_accent,accuracy,,,0.4320909665192672,,baseline,True,6,2
topic,tfidf_char_svm,mixed_no_accent,macro avg,0.3542649270395052,0.3598406490665272,0.3002822838228516,3166.0,baseline,True,6,2
topic,tfidf_char_svm,mixed_no_accent,weighted avg,0.6285508101696015,0.4320909665192672,0.4964272333151485,3166.0,baseline,True,6,2
topic,phobert,mixed_no_accent,facility,0.3111111111111111,0.096551724137931,0.1473684210526315,145.0,phobert,False,6,3
topic,phobert,mixed_no_accent,lecturer,0.8161559888579387,0.2558951965065502,0.3896276595744681,2290.0,phobert,False,6,3
topic,phobert,mixed_no_accent,others,0.0634530250860796,0.8113207547169812,0.1177007299270073,159.0,phobert,False,6,3
topic,phobert,mixed_no_accent,training_program,0.1189189189189189,0.0769230769230769,0.0934182590233545,572.0,phobert,False,6,3
topic,phobert,mixed_no_accent,accuracy,,,0.2441566645609602,,phobert,True,6,3
topic,phobert,mixed_no_accent,macro avg,0.3274097609935121,0.3101726880711348,0.1870287673943653,3166.0,phobert,True,6,3
topic,phobert,mixed_no_accent,weighted avg,0.6292542571718569,0.2441566645609602,0.3113598931452673,3166.0,phobert,True,6,3
